"mz","intensity","ion","position","chem_loss","charge","delta"
1814.74159401841,0.341409178683534,0,23,1,6,0.612592396982945
1508.33198402543,0.77692849189043,1,40,0,5,-0.0734015436703339
840.344128804281,0.174546385882422,1,10,1,3,0.684086411646567
359.73390659783,0.621651832479984,1,18,3,6,-0.225696422955953
1974.98451455031,0.934299224056304,0,10,3,6,-0.901291840290651
1172.12818583939,0.704325191443786,1,7,2,1,-0.167867212886922
1707.78968736995,0.291027843952179,0,12,2,6,0.383331035021693
730.949068046175,0.926972517976537,1,15,3,6,0.383794079180807
490.43894468341,0.738448410062119,0,6,2,6,-0.797648442070931
584.310347330756,0.952911433763802,1,42,1,3,-0.299657767829485
1887.58573802188,0.482235138770193,1,3,3,5,0.808014076394029
530.556284752674,0.599368687719107,0,43,2,4,-0.866159267365001
1655.48913704697,0.803980730939656,1,49,3,3,0.488979313988239
1355.64124730881,0.892084729857743,1,32,2,4,-0.815771394213662
570.495358575135,0.513186846161261,1,25,2,6,0.800695877051912
1057.95594225638,0.732642591698095,1,7,2,3,0.0301291896170006
879.714592429809,0.975218809442595,1,7,0,4,-0.568496771561913
1639.22938955948,0.0660838934127241,0,13,3,4,-0.184630855405703
751.123606530018,0.374337531859055,0,45,1,3,0.430350659117103
1463.68937653024,0.108422023244202,1,3,2,4,0.615593639756553
1313.91224984545,0.0932539843488485,0,17,2,1,-0.0608333410369233
1705.38351042196,0.853247350780293,1,27,2,6,-0.274412183747627
1380.72627536021,0.310946273151785,1,2,3,5,0.643287081671879
327.19828307163,0.163126020459458,0,13,1,3,0.0661327884625644
1749.09327945206,0.44931548833847,0,19,3,2,0.813700437205844
593.283704761416,0.20804741512984,0,27,1,4,-0.600644008680247
499.861033889465,0.0382117812987417,0,22,3,6,-0.555797184901312
1197.76883234736,0.890108628198504,1,44,2,6,0.924472848591395
564.889123570174,0.841822743183002,1,40,0,5,0.119404936437495
1711.76218539476,0.489142155973241,0,47,2,6,0.428529004217125
531.361002009362,0.576618514955044,0,48,0,5,-0.576175406025723
1746.82293373626,0.505560653284192,0,12,1,1,0.122533686649986
812.358946749009,0.451016837963834,1,36,1,3,0.224271726273
1651.26179342624,0.453850602963939,0,15,2,1,0.658007713286206
1505.59609956108,0.411535247927532,0,43,3,6,0.723039766880684
474.44050363265,0.0961850823368877,0,22,1,4,-0.246231370917521
609.666363778524,0.544139591278508,1,28,3,4,0.353156771594658
1800.15867636539,0.386696903267875,0,20,3,2,0.293817701144144
1363.11563742347,0.942993063246831,0,4,0,6,-0.679190002167597
1372.78303038329,0.27736011822708,1,48,0,2,-0.656073680659756
875.39458880201,0.463431649142876,0,23,2,4,-0.478228073227219
1992.56800492294,0.141503426479176,1,9,2,3,0.44159461798612
359.178924607113,0.485532901482657,1,49,1,1,-0.379236891232431
566.11901584547,0.155101018724963,1,21,1,3,-0.398340863166377
1376.93502246402,0.300324823474512,1,27,3,4,-0.892121527008712
590.609738370404,0.0700352126732469,1,32,3,6,0.32812689574901
890.462056454271,0.631520500872284,0,22,1,2,0.935428325948305
1157.86910937168,0.0923412465490401,1,48,0,6,-0.461971281375736
714.184746821411,0.399171393131837,0,35,2,5,-0.415797261097468
1791.35290617123,0.466075267642736,1,8,2,6,-0.46400985925924
1493.96955983248,0.96539259236306,1,31,2,3,0.573928299131803
1406.71815008391,0.0288762631826103,1,27,3,1,-0.901283707246184
576.692750817165,0.722497551003471,1,24,3,3,0.862761859763414
646.218926715665,0.881323566427454,1,19,0,5,0.804715990866534
690.770463785157,0.614967227913439,0,3,2,6,-0.930278703658842
1871.23939872254,0.717625528108329,0,25,3,5,0.335380397234112
778.855035430752,0.350923809688538,0,16,3,6,0.953810539743863
833.613844052888,0.613694316940382,0,2,1,1,0.485751611427404
1837.3325681081,0.744120059069246,0,34,1,3,-0.312597932084464
983.274803846143,0.939371361397207,1,11,3,5,-0.599945767773315
1342.88863642141,0.101945410016924,1,19,1,5,-0.605074789146893
365.003480855376,0.133389207534492,0,39,3,1,0.00131242452654989
815.996134537272,0.26597306644544,0,40,1,6,0.889394603222609
488.263925956562,0.485702740959823,1,33,1,6,-0.495503722750582
1290.35894018598,0.458120326744393,1,48,3,5,0.469155424707569
778.268762910739,0.859252493130043,1,21,3,3,-0.0377531590685248
344.683635793626,0.0274584458675236,1,16,2,1,-0.532759226351045
1857.62411972973,0.312772687524557,0,45,1,2,0.928684952873737
1785.72798606474,0.959754465846345,0,2,0,6,0.455975871328264
509.834669437259,0.189948313636705,0,2,2,1,0.941463373638689
1011.69491254259,0.546077805338427,0,7,1,3,0.669023613603786
1163.85382465087,0.458195162471384,1,34,2,1,0.700395031026565
1899.26023830194,0.0672583763953298,0,49,1,3,0.556460891487077
1145.53694671486,0.737172841094434,1,34,2,6,-0.127819125526585
1598.47144859377,0.750589553732425,1,43,2,3,0.119061486572027
764.858879125677,0.343442592071369,0,10,0,3,-0.230661686249077
557.838151068427,0.47550250031054,0,16,0,1,0.785244912612252
331.236560316756,0.897298788884655,1,28,0,4,-0.413467992567457
1409.06858718954,0.856177512556314,1,8,0,4,0.0918280452629552
1993.24157419614,0.168313755420968,1,15,2,1,-0.283947493331507
563.3350671269,0.686779507435858,1,24,3,5,-0.650135820130818
1729.54371441156,0.918275660136715,1,5,1,2,-0.781942757796496
1104.14554134477,0.772282136371359,0,43,2,5,0.764759955075569
1107.49715426937,0.478301237104461,1,9,2,6,-0.722341610798612
1223.68665062822,0.752081869868562,1,43,2,1,-0.426545133297332
1019.44602834992,0.936547761783004,0,34,2,1,-0.385049243238755
728.373593161814,0.221138632856309,0,5,2,5,-0.769371897932142
1352.97243122477,0.0551143668126315,0,13,2,2,0.678466601008549
526.917003514245,0.158482958097011,1,6,3,4,0.684609994939528
552.703956421465,0.733631020179018,1,30,2,4,-0.799421411189251
447.516272147186,0.172702807700261,1,16,2,4,0.28969197622966
970.670088939369,0.123226510826498,0,41,3,1,0.483944920278154
567.918197531253,0.539205803768709,1,8,3,6,0.18713164395187
1577.50297398306,0.574609153205529,0,14,3,6,-0.39490328269545
1826.67629404459,0.868844287702814,0,10,3,4,0.282059910614044
1064.45709494874,0.599384095752612,1,41,0,5,0.455571171459742
1791.09445749782,0.388502898160368,1,1,0,5,-0.70388698792085
1664.87103786785,0.754906423157081,1,23,2,2,0.935497183450498
856.667673680931,0.193664802005515,1,41,2,4,0.456903993138112
681.222165143117,0.438186038983986,0,6,2,4,0.924636290883645
1824.74720960017,0.70348059758544,0,20,2,6,0.248838476361707
1754.60927800741,0.295747266151011,1,10,0,3,-0.671525021279231
799.068448203616,0.254655008437112,1,8,3,6,-0.0858389408374205
1775.61758754309,0.771705445600674,1,37,1,5,0.497205006103031
1227.80316211283,0.720976594137028,1,26,1,2,-0.379857551045716
1554.9246302573,0.880066219251603,0,40,2,3,-0.138275196980685
1531.06204885989,0.533112360397354,0,49,2,6,-0.396003025942482
819.764845538884,0.52171023376286,1,14,0,6,-0.775529612512328
786.05647906661,0.970992328366265,0,14,2,1,0.589931431920268
968.328378302976,0.434020755114034,1,10,3,4,0.986739376173355
347.249666601419,0.312138013541698,1,48,0,5,0.783469513077289
1523.99333408102,0.260475687449798,0,16,1,6,-0.699754276019521
941.531858360395,0.789525830419734,1,9,0,5,0.329486532686278
1758.18072655238,0.866715660085902,0,30,2,2,-0.803455288298428
1909.0419101296,0.976703241467476,0,49,1,1,-0.542106913486496
1921.90361672547,0.495032803155482,1,8,3,6,-0.236892273221165
1771.52941818349,0.407725519035012,0,12,0,3,0.555620374856517
1486.08586438932,0.364822796313092,1,37,0,1,-0.974499241984449
1109.0848563239,0.0255790888331831,0,19,2,3,0.682582498225383
625.747962575406,0.31863813358359,0,22,0,6,0.348768901443109
1907.37427461427,0.822532893158495,0,6,2,5,0.137110792757012
570.841943915002,0.126318646827713,0,25,3,3,-0.803196331369691
668.490467779338,0.155524418922141,0,40,1,3,0.614069271557964
1112.34144188929,0.897483562352136,0,46,3,5,-0.507251864452846
1142.4914738629,0.958190502366051,1,9,0,4,0.460814224644564
1105.96455004998,0.435375063680112,1,43,0,2,-0.571209282497875
1352.57153413258,0.784673079615459,0,14,3,5,0.160946087935008
792.387084639631,0.487486923346296,0,3,3,1,0.00946752022951847
763.37787732482,0.983478919602931,0,30,3,4,0.314831787399016
705.063652526587,0.217991329729557,0,28,0,5,0.643748709163628
1468.60987460241,0.666385859949514,0,14,1,3,0.618333775475621
1132.30059882626,0.926017644815147,0,1,1,6,-0.459707050924189
765.808083629236,0.623307135421783,0,26,1,6,0.0332355681946501
849.474250385538,0.589754647342488,1,19,0,4,0.191451865355484
1441.62209429778,0.140695106238127,1,11,1,1,0.160099301179871
1256.5763348015,0.558509720722213,0,37,2,3,0.495295850671828
638.806848903187,0.0859621313866228,0,5,2,4,-0.444420881825499
1728.8682844257,0.102079445729032,0,38,0,5,0.0417626545624807
429.714896716177,0.7228421443142,0,13,2,6,0.634265503250062
357.403944060206,0.757059504045174,0,9,0,4,0.256153911519796
475.203928188421,0.823783559026197,1,21,0,4,0.0906884283386171
1477.38803136162,0.705424221465364,1,25,0,1,-0.901709048599005
1793.76670091879,0.917698719771579,1,33,2,2,0.752336015095934
1909.0014328016,0.716138221789151,0,44,1,6,0.950465085064061
802.249191422015,0.821132999612018,0,26,3,2,-0.670565352458507
608.977420371957,0.163189009996131,1,6,3,5,-0.40565790723078
863.912092614919,0.949999336851761,0,3,1,5,-0.00318553861230608
1813.19942697883,0.0234831322450191,0,19,0,3,0.633274096562527
1609.781037434,0.556503722444177,1,25,2,6,-0.731561163989827
512.273418554105,0.0545674737077206,0,9,2,5,0.0809102946845814
874.385827244259,0.304277010960504,0,6,3,4,-0.0918290516361594
406.724719610065,0.807430985383689,0,32,3,4,0.182332994663157
1350.12599881738,0.952129108598456,0,3,2,6,0.62741155912634
1622.89760704152,0.139334217645228,0,4,0,3,0.485901553197764
1102.24646697752,0.441194614861161,0,6,0,5,-0.807002700367011
838.186810794286,0.598590886685997,1,12,0,5,-0.511330751753412
417.477373522706,0.122026937548071,0,37,3,5,0.500251208818518
604.975603753701,0.443200890207663,0,26,3,2,-0.134512967797928
1385.06316116545,0.522450133459643,1,14,1,1,-0.593946149214171
649.950373987667,0.148747424595058,0,35,2,2,-0.837113913106732
368.271030811593,0.481025071348995,1,48,1,6,0.71781847265549
1663.1493787514,0.1179624509532,1,20,1,1,0.820952065167948
1561.30205604713,0.891474300064147,1,39,3,3,-0.670805458906107
1287.12073336355,0.573814033996314,0,45,2,5,0.62491762064863
1610.5277555529,0.443666785722598,1,15,3,4,-0.275256056031212
1238.70786684565,0.791074700187892,0,20,2,1,0.594453138643876
329.576085438021,0.835484112845734,1,11,2,5,-0.127938978904858
370.758950477466,0.00359015027061105,0,20,1,1,-0.809787967060693
440.666684089229,0.32335336599499,1,37,1,4,-0.828704804289155
545.122572756372,0.859713525976986,1,22,2,6,-0.518670840058476
1573.77288118005,0.55802662554197,1,14,1,4,-0.737858571745455
1771.34506790899,0.365578871686012,1,44,3,5,0.886513850935735
1480.38390579168,0.481505107367411,1,25,0,3,-0.401580213010311
1485.38182114717,0.534658026648685,1,2,2,4,-0.922782198772766
964.540792210028,0.167687607929111,0,34,0,3,0.849090135488659
1227.99088985194,0.198227687971666,1,17,1,4,0.864802271062508
430.929436231963,0.953165078768507,1,39,3,4,0.158702309494838
825.330208986998,0.9002770697698,0,44,2,2,-0.429376996960491
1146.60736392252,0.567020194372162,1,39,2,4,0.0952700052782893
1880.79375051893,0.86218764167279,1,48,3,4,-0.531756261815317
1299.18637515511,0.207699804101139,0,42,0,1,0.811190553959459
516.819489072077,0.0850812867283821,0,9,3,6,-0.167396333031356
903.858375758864,0.720299567328766,1,9,2,2,0.865627984371968
1413.77195343375,0.902234161039814,0,48,1,3,-0.115379693484865
1912.13161379565,0.259607377229258,0,41,1,5,-0.347225184878334
1897.86958298646,0.618531741201878,1,20,0,3,-0.413087075930089
721.655852487311,0.997758633224294,0,7,1,4,-0.0919154904736206
1498.14391965047,0.559878739761189,1,14,0,5,0.748514171554707
660.560504673049,0.853610623860732,0,12,2,2,-0.643409657743759
990.438812761568,0.259093237342313,1,41,0,1,-0.624386687558144
1510.87793488987,0.227766894502565,1,8,2,4,0.640584539962001
1512.06491717603,0.904055122053251,1,37,1,4,-0.0162092747166753
649.292271467857,0.271371653536335,0,27,3,1,-0.288799905446358
1024.25041336101,0.82674713502638,0,43,2,2,0.0625491575617343
1034.70545932651,0.43285815929994,1,18,0,2,0.567913133190013
451.70657527633,0.00142672727815807,0,5,3,1,-0.648296944401227
1765.8240508521,0.660936636617407,1,42,3,1,0.790310203777626
450.320661393926,0.838531286688522,0,41,1,4,0.771593579035252
304.789124475792,0.467691500671208,1,16,0,3,0.235072380742058
1963.8276719721,0.850414713146165,1,35,1,3,-0.277050857408904
340.860741282813,0.86249942611903,0,35,1,2,0.448113666186109
1606.68703049887,0.207544825738296,1,13,2,1,-0.349547932497226
522.278451104648,0.795527710346505,1,13,0,3,-0.281773515148088
1944.77369533852,0.665970204863697,0,25,0,1,0.894009908647276
582.944037229754,0.615307620493695,0,27,0,3,0.665736201717518
983.029995649122,0.953146172920242,1,12,0,2,0.764147083475254
1314.66513273772,0.878295477945358,1,1,3,5,0.596748933624476
806.93211555481,0.832758396631107,0,4,3,2,-0.656225446164608
344.314877456054,0.165432039648294,0,47,0,3,0.815528959692456
336.401857878082,0.708714516367763,0,11,1,5,-0.277683936227113
1621.89376819879,0.843523249495775,0,11,2,2,0.471997015108354
577.275611041114,0.589532644720748,0,21,3,1,0.804843710828572
563.394002360292,0.191110778134316,0,1,0,6,0.26515711245127
527.892423048615,0.968024147907272,1,25,1,1,-0.940630354788154
1012.28956282139,0.121440128656104,0,19,0,2,-0.266295191925019
734.385342802852,0.723266813205555,0,23,2,3,-0.13229308876209
1834.75712093059,0.40701388916932,0,22,0,6,0.43909481137991
733.894466934726,0.309715018840507,0,45,2,2,-0.832720666257664
1735.54587669205,0.749915227293968,0,30,2,5,0.539500105390325
1929.00569054764,0.205604929011315,1,47,0,6,-0.679735322291963
1238.32741661463,0.574564720503986,1,12,0,1,-0.0389015438407659
629.057069239207,0.376639471156523,1,37,2,4,-0.840358832348138
330.33427814953,0.790298982290551,0,19,2,5,-0.880884050326422
602.831627381966,0.740902786841616,0,27,1,2,0.146474559274502
1376.10262804665,0.277152655646205,1,33,3,6,-0.0928763141110539
463.689034385607,0.532247937982902,1,27,3,1,-0.668285935590975
1625.71216351353,0.662992034573108,0,24,2,1,0.0839127595815807
1894.57724648528,0.985693403752521,0,28,2,6,-0.472778913150541
490.283617726527,0.859781438019127,0,39,0,6,0.657972632213496
1890.24582724087,0.885525898076594,0,22,3,5,0.914240023721941
1116.8203078676,0.867328819353133,1,48,0,4,-0.735567048434168
811.1304940423,0.0087939549703151,1,35,0,3,-0.0735060612671077
713.232019986026,0.842626935569569,0,22,3,5,-0.368923414056189
408.464772510342,0.787422859575599,1,2,1,3,-0.240145564768463
560.880741616711,0.835982511518523,1,28,2,1,0.360802156096324
1168.48692276981,0.662569798994809,1,35,0,6,-0.116997534530237
824.430378875695,0.696601232513785,0,6,3,5,0.696326950597577
364.961520815268,0.775081004481763,1,13,1,4,-0.163280539079569
1807.79003368225,0.73902859701775,1,29,3,6,0.57815192991402
1146.05219906662,0.511298645520583,1,4,0,3,-0.925370797184296
1716.31578663364,0.648932968266308,1,25,2,3,0.525262734834105
743.540833564475,0.605543912854046,0,5,1,6,-0.130753356660716
445.884211431257,0.876201722305268,1,26,1,4,-0.360946982558817
1271.67761866003,0.433666646946222,1,40,1,3,0.569571876875125
1158.37007132359,0.371935602743179,1,32,3,4,0.273636789559387
1224.06623007264,0.680510842241347,1,30,1,6,0.276837830836885
925.325219356455,0.0218854127451777,0,1,1,4,-0.483385360641405
777.920505264774,0.353108746465296,1,15,3,4,-0.851743783042766
1746.2509911973,0.888690123567358,1,15,1,1,-0.913861358631402
525.372697901912,0.996891951188445,0,24,0,2,0.581226702472195
698.130714357831,0.338609134079888,1,7,1,6,0.641562279704958
396.135685709305,0.481149422936141,1,25,2,4,0.600457359412685
1313.97426766343,0.895636174362153,0,15,1,2,0.702821760554798
1052.5553886313,0.527510521933436,0,47,2,6,-0.74363116025459
1988.76377334818,0.132994679966941,1,34,1,6,-0.0169825289212168
1748.1780882692,0.917594876373187,1,32,1,3,0.0801028048899024
1920.23511438165,0.781778141856194,1,29,2,1,0.00471512307878585
390.937733650208,0.421791584696621,1,3,3,6,0.62875709623564
564.576454577036,0.0538214989937842,0,9,3,5,-0.736491400608793
448.596126702614,0.4025537611451,0,15,1,6,0.320061360346153
811.680861259811,0.254502659896389,1,42,2,4,-0.286794434613548
616.894540167414,0.490872531430796,0,25,2,3,0.676007686899975
1692.13753361255,0.0925567306112498,0,48,1,1,-0.280463016238064
1181.76577098202,0.270429972326383,1,36,1,1,0.761450828025118
399.432219401933,0.299159592017531,0,32,2,3,-0.763349381731823
395.960668683983,0.492020320845768,0,16,2,2,0.34279471328482
317.840507393703,0.867544301785529,0,46,1,3,-0.195413731690496
385.723367659375,0.178870311938226,0,5,3,6,0.876926850280724
1293.92910590395,0.184124704450369,0,42,0,2,0.228974450631067
659.442340652458,0.377499015303329,0,49,2,4,0.0813593856152146
1982.13414123747,0.837199212517589,0,27,0,2,-0.976687752879225
612.314072391018,0.321978562744334,0,32,2,3,0.579517274550162
1055.41841071099,0.811599894426763,0,42,0,4,0.908805170464329
1805.22604922298,0.749194420408458,1,4,3,3,-0.103436083956622
726.922401157208,0.686204849975184,0,47,0,5,-0.0334786075539887
1352.54526329227,0.755577942123637,1,47,3,5,-0.608209561463445
878.21011422202,0.891261071199551,0,2,1,3,0.878938865074888
678.200633381493,0.375561396125704,1,22,0,5,-0.129447435988113
647.851095488295,0.609104538336396,0,25,3,6,0.723493306506425
1339.99749505892,0.547132944688201,1,45,3,3,-0.414001102522016
1279.50774370693,0.489266589982435,0,28,1,1,-0.916356409513392
1191.10078786034,0.861528781941161,1,17,0,3,-0.0606575004849583
1845.99569633137,0.873001079307869,0,23,1,4,0.502405195995234
745.027419482358,0.709188353270292,1,40,0,3,-0.9593494620407
1524.98617488891,0.256282701855525,1,35,1,5,-0.00624560097232463
1444.74507388659,0.756838933099061,1,27,1,6,0.948499852563254
332.507305941544,0.108064893400297,1,23,3,4,0.435245249471627
890.527101838961,0.414078615605831,0,36,1,5,0.972428753818385
410.395893803798,0.397940831491724,0,22,0,4,0.747905555027537
1140.54317551199,0.258350268937647,1,20,2,1,0.922290804209188
627.880443376489,0.185423789313063,1,40,0,4,-0.230659024408087
966.86237975955,0.9364387630485,0,6,0,2,0.570979210739024
1790.2344658738,0.315145287197083,1,13,3,2,0.205897179446183
1025.67718771752,0.952768223825842,1,47,0,3,-0.13054384524934
551.011696248315,0.0449327849783003,1,10,3,4,0.534002587306313
1777.60005714372,0.267887557623908,1,12,1,1,-0.521374910459854
1086.82836680673,0.749229532666504,1,15,1,5,-0.903998767999001
1060.25226630736,0.221517659956589,0,24,3,1,-0.192020383696072
931.014297041111,0.748114034999162,1,5,1,2,-0.685307717677206
927.40947639104,0.0897918289992958,0,33,2,2,0.865043511120603
891.240666341037,0.776412062812597,1,1,1,1,0.748879660670646
303.294617170468,0.857521920930594,1,8,0,4,-0.346090005123988
1909.44117924664,0.0444170373957604,1,49,0,3,0.330371088632383
1302.31347831432,0.53121237270534,1,30,1,1,-0.0327159375557676
769.582873512991,0.629377391422167,0,48,2,3,0.354764416138642
1114.61014300585,0.0659217333886772,1,27,3,6,-0.352942001963966
483.082809764892,0.223694887943566,0,17,3,6,-0.365593971912749
1772.4015612388,0.861890233354643,1,49,2,6,0.266664505074732
815.810138476081,0.543997925706208,0,31,3,5,-0.764974960740656
1292.6797816297,0.118803422432393,0,19,2,6,0.724290337488055
592.665355629288,0.566616914933547,1,36,3,5,-0.458710418748669
1681.68168731499,0.878092224244028,0,11,0,1,0.427868159087375
443.201035680249,0.141912783030421,0,40,2,5,-0.0449451284157112
1367.18936359975,0.985474925488234,0,23,1,2,-0.974072563257068
1649.01129966602,0.838133091339841,1,11,1,3,0.0235324787255378
1765.91320554726,0.945487366523594,1,41,0,4,0.210389401693828
899.594447622076,0.5983924518805,0,36,0,2,0.678471614895388
1578.69115439244,0.643194491043687,0,37,0,5,0.247810181924142
1214.72242656164,0.752409399021417,1,10,1,3,0.420667976941913
1326.40877189115,0.163173683453351,1,49,2,4,0.0831296675372868
629.603474377654,0.291718071792275,0,22,1,5,0.3977495246334
1521.00125825964,0.723149617435411,1,40,2,6,0.0770920949243008
798.110735719092,0.0463078466709703,0,26,0,2,0.231641890984029
1415.42685092427,0.228720522951335,0,48,2,1,-0.085703044035472
425.485458853655,0.772399935405701,0,30,2,3,-0.44016104742419
322.702268138528,0.724653873359784,0,42,2,2,0.29058671254199
1019.47023542598,0.899208015296608,1,25,1,6,-0.895406517237425
1868.6194056645,0.389569729566574,0,26,2,2,0.0744277031952516
1258.52400856093,0.222152394708246,0,14,0,1,-0.59508672687225
1357.2537224507,0.87979279179126,1,44,1,1,0.0236241937614978
848.597797728144,0.451948416419327,0,23,1,4,0.633878151909448
424.271414894611,0.765372042777017,0,26,3,1,-0.881562885702588
338.047105865553,0.00370464357547462,1,13,0,1,0.156294985958375
885.702734650113,0.522599054500461,0,27,3,5,-0.982010241318494
687.246722867712,0.979220276465639,0,29,3,6,-0.471538142119534
1331.1985102715,0.841809084871784,0,16,0,2,-0.0532771480316296
1910.31350081321,0.447311199968681,1,7,2,2,-0.707924792789854
359.711133153178,0.549838260980323,0,15,2,6,-0.133480827659369
1677.2086405661,0.207727951463312,1,4,0,3,0.517746461606585
482.556835259311,0.317933775484562,1,40,2,4,-0.723096373644657
1031.67367444839,0.4859919922892,0,19,1,2,-0.679789541512728
910.572671680711,0.352099861484021,1,17,1,5,0.517404818418436
397.457234212197,0.615460517816246,1,48,3,6,0.475264937100001
738.864436768927,0.327525943750516,1,29,1,4,-0.514811258213595
303.325576800853,0.174159924732521,1,37,2,1,-0.400010480568744
1093.88133499306,0.958917154464871,1,15,3,6,0.381482106624171
1657.33787678182,0.144488034304231,0,41,2,5,0.0328310061665251
635.826019686647,0.527004498289898,1,1,1,6,0.487507372163236
1166.32963088341,0.638885252410546,0,5,3,2,-0.843802724434063
658.731506858021,0.926597329089418,1,5,3,1,-0.889785894770175
678.393574757501,0.390428060432896,0,9,3,3,-0.97051870864816
667.300597648136,0.912072457838804,1,30,3,6,0.552775181704201
1784.95266023092,0.703985411208123,0,42,0,6,-0.514345389939845
681.812404096127,0.758872244507074,1,11,0,1,0.830351859200746
1671.99213560671,0.58985878014937,1,13,2,5,0.370305960620753
1657.5211168034,0.346515657380223,0,34,2,4,0.741871332074516
470.427426160313,0.980548941064626,1,22,2,4,-0.83068952345755
1194.97523016762,0.485858895117417,1,33,1,3,0.254829812049866
852.913891524076,0.176380680175498,0,16,1,5,0.56323983614333
893.425030983053,0.901739513268694,1,28,0,1,-0.260286370790563
790.388847468421,0.990209521958604,1,16,1,3,0.930771326338872
568.353876611218,0.402296205051243,0,49,1,2,0.647840918116271
1384.25513887778,0.564895356539637,1,47,1,2,-0.923991975998506
866.654403088614,0.974196311319247,1,22,0,2,0.0259817633684725
471.400160109624,0.472019668202847,0,5,1,4,-0.286665661716834
1645.77596168965,0.911362106679007,1,13,3,2,-0.65882062587887
1457.91190727614,0.67645935062319,1,16,3,3,0.0570982502773405
1962.22635477316,0.361672539263964,1,15,2,2,0.714236071715131
1088.43903308734,0.310358313145116,1,5,2,6,-0.305065209749155
1266.56474403571,0.868379282299429,1,28,2,2,-0.277096086116508
1900.29275887646,0.641545198392123,0,5,3,2,-0.526027208743617
579.172092443332,0.762179800774902,1,43,1,3,0.0647739905538038
1588.03763953038,0.998141932301223,0,14,3,6,0.905394930336624
1177.98990330193,0.548791192937642,1,32,1,4,-0.119692497784272
585.211920994334,0.346911981003359,0,24,0,6,-0.474560852036811
662.393409549259,0.66420993511565,0,17,1,2,-0.501490298104472
684.71838128753,0.0707410529721528,0,37,2,1,0.888608455639333
1625.42964946479,0.954253562958911,1,48,3,6,0.204625346842222
1640.15445902478,0.644056204939261,1,31,3,4,0.472701280885376
1296.50894540828,0.035817310679704,1,11,3,2,-0.213765295129269
488.894298672676,0.390231053577736,1,3,1,2,-0.978235389827751
783.665903448127,0.152861121576279,0,43,2,1,-0.724248259286396
481.507533439435,0.970741000724956,1,27,1,1,-0.810094203245826
381.741928635165,0.740414971020073,1,18,1,3,-0.121733712614514
939.279670128599,0.0787417166866362,0,25,2,3,-0.300136112733744
1329.35831572395,0.677979767788202,1,8,1,4,0.146105652269907
1179.15665444452,0.00413115508854389,0,11,2,4,-0.801793955611065
1949.86833014991,0.396493083098903,0,39,2,1,0.283955187038518
1189.29943831172,0.299458941910416,1,14,2,2,-0.989145058533177
1270.26031925343,0.930353257339448,0,1,2,5,0.547417861134745
1473.36662164889,0.328487558756024,0,26,0,2,0.583720473144203
973.705757129937,0.020755419973284,0,31,0,6,-0.774742879453115
1549.84413108323,0.754038179060444,1,43,2,1,0.242285597333685
948.152669798583,0.536843130365014,0,27,0,2,-0.65328598539345
1484.51861671638,0.049868778558448,0,48,2,1,0.0435497746802866
1660.52117615473,0.928401820128784,1,16,3,5,-0.338354483144358
1405.38631007075,0.705860099056736,1,44,0,5,-0.0548915638122708
1240.00580476131,0.942161951214075,0,45,0,6,-0.839642782830633
1335.82087713294,0.73240573098883,0,6,1,6,0.836392064150423
1115.27383518405,0.996783661888912,1,9,3,2,-0.0069702173396945
1829.89377495833,0.185373536776751,1,15,3,3,-0.678885437585413
1422.83076075837,0.283033802174032,0,7,2,1,0.543337043607607
1542.96012993436,0.27662349306047,1,20,2,4,-0.881082432623953
1290.28604307678,0.356605005683377,0,27,3,2,-0.703999847858213
927.74269040674,0.360160066047683,1,45,3,6,0.399463186883368
1555.3207855206,0.717100310605019,1,49,3,1,-0.773054576609284
711.423266772181,0.130541746970266,1,31,2,4,-0.425959174688905
1917.74133867584,0.432807769393548,0,32,3,1,0.591166508160532
1104.74553152453,0.598047148436308,1,6,0,6,-0.544714651429094
1894.3573451601,0.023917549289763,1,24,3,5,0.101666875714436
1038.65525792353,0.23703601048328,0,19,1,3,0.746449827197939
1465.21972382907,0.431453163269907,0,45,0,3,-0.432383318622597
1951.43485665321,0.349037426523864,0,26,0,5,0.84829569443129
530.494644143619,0.536472521955147,1,11,3,6,-0.176007842724212
1091.42891056836,0.707154917996377,0,38,0,6,0.0480480319401249
540.533293806948,0.0941355924587697,0,18,0,6,-0.111663083019666
1464.57482005935,0.113674238789827,0,13,2,1,-0.577995456168428
381.20032667648,0.697161276359111,0,13,3,1,0.226103723812848
884.619315015152,0.0681579255033284,0,36,1,6,0.195713351536542
1244.65218831319,0.390750743914396,0,25,2,6,-0.826946332384832
617.344602267258,0.566965105943382,0,48,1,4,0.346003812463023
1922.59882781655,0.294631256023422,0,6,2,2,-0.230280071650632
1292.92627559043,0.910278706578538,0,5,2,6,0.961387715837918
963.230435294099,0.462045319378376,1,13,1,5,0.688313325243071
796.48013713304,0.548554151318967,0,24,2,3,-0.13304732744582
1406.79871526081,0.236571615561843,1,11,0,2,0.191888742889278
698.229450476356,0.904957007616758,1,47,3,6,0.527383608045056
1364.51750569977,0.897859388729557,1,28,0,5,-0.146586295282468
532.37144339364,0.919748397078365,1,17,2,5,0.699084830386564
1403.54486000724,0.07460539159365,0,20,1,6,0.609693620335311
1429.05115443282,0.96516943606548,0,6,2,3,-0.44810058102943
872.389741311781,0.725731815909967,0,8,0,3,-0.698095126650296
883.760788291693,0.584502233425155,1,17,0,3,-0.8616852847673
1793.96052891389,0.797562503255904,1,43,2,3,-0.367804638692178
1228.79448775202,0.205777539638802,1,19,1,3,-0.322630269709043
769.578816834837,0.567348915385082,1,31,2,6,-0.582403229735792
1749.17596182786,0.814095969544724,0,20,0,6,0.53429744866211
1178.03310104646,0.2885260686744,1,10,0,2,-0.764682887080125
492.660337942652,0.282840892206877,1,3,3,2,0.125352442106232
1121.83017991483,0.102043135091662,0,12,2,4,0.0442492280295119
398.474229848944,0.188891826895997,0,17,2,6,-0.586741602737457
312.62003283482,0.955975423334166,1,1,1,2,0.184038489754312
1373.69355692063,0.145627924008295,1,35,0,1,0.152947100400925
697.639570524916,0.131776578724384,1,7,0,2,-0.67857042202726
1189.0427434817,0.702813172480091,1,26,2,1,0.653008537106216
1997.26513950154,0.567134291864932,1,41,2,6,-0.914392456300557
1719.4296467118,0.101824197452515,1,26,2,5,-0.426015206119046
461.101595684886,0.943123207194731,0,22,1,2,-0.607049921262078
1728.49310799502,0.593903599772602,1,41,2,3,0.361451978143305
799.123595515266,0.0493512284010649,0,47,2,5,0.345591982235201
536.624913779087,0.469231164781377,1,22,0,5,0.989112640684471
1101.63770045619,0.109598033363,1,17,1,6,0.854295130432583
1476.26274232753,0.663107269443572,0,4,2,2,-0.277613131902181
1975.03309573513,0.929543065605685,1,13,3,3,0.142905956665054
1267.31435633264,0.542738800635561,1,31,1,5,-0.895357592655346
820.370090124197,0.775971116032451,0,26,0,1,0.739136300599202
747.964209853671,0.06386524066329,1,14,0,3,-0.878195531917736
617.632760200649,0.611695927102119,1,28,1,1,0.0891661019297316
496.170003782026,0.726925993571058,1,30,1,3,-0.79566165714059
410.778880398721,0.0445675894152373,1,49,0,1,0.00190906415227798
468.661426589824,0.0971610785927624,0,13,3,3,-0.641307016345672
336.456219898537,0.442836933769286,0,13,0,2,0.100824685175903
863.908093329519,0.456778962630779,0,34,1,4,-0.732895683548413
1320.58467161842,0.589312732219696,0,3,3,6,0.920579106300138
1593.54997761548,0.488243379397318,0,38,1,2,0.685606183167547
688.31709693186,0.203465235186741,0,48,0,5,0.134631233937107
1562.7254252322,0.746551379328594,1,8,3,6,0.187166054723784
762.330807093531,0.13051316794008,0,6,2,5,0.908422614033334
1597.34586507548,0.585497477790341,1,39,2,6,-0.0479138403944671
1178.94946660381,0.298745221691206,0,11,0,6,0.452396767032333
1297.61043307371,0.521648197434843,1,42,2,4,0.968677754709497
1464.35347599909,0.565015817526728,0,9,1,5,0.114483307236806
451.571901398711,0.290393570903689,1,28,2,5,0.775572812799364
457.870597392321,0.936456009978428,1,6,1,4,-0.425272048604675
1537.10057241842,0.278634934453294,1,17,1,2,-0.519188943388872
580.943888286129,0.826722964877263,0,22,3,6,-0.821690109679475
543.899607588537,0.0155461418908089,0,48,0,4,-0.51356267453637
396.708644693717,0.427955032791942,0,16,1,6,-0.824417458050884
829.434609413147,0.389947804156691,1,15,2,6,0.471491777957417
1631.84194669593,0.416008776985109,0,1,2,4,-0.971067168675363
737.205619551241,0.146071603754535,1,32,3,5,-0.00318933867383753
1895.64748834819,0.583402341464534,0,7,0,6,-0.44309477836825
458.154493616894,0.299152427120134,0,48,0,1,0.306161412480287
1893.18855281454,0.901525346795097,0,27,1,2,-0.64010093729943
1198.71920212172,0.425765012390912,0,20,2,5,-0.860749047431163
363.413192564622,0.56378611526452,0,15,1,4,-0.0238681961596012
1671.14332290366,0.887535939924419,0,39,1,2,0.294512173798867
1209.34648769908,0.30168042704463,1,29,2,6,0.113984738057479
1013.43653562944,0.213584130862728,0,36,3,4,0.717884236816317
420.793359004892,0.691068047657609,1,33,0,2,0.957380939810537
869.720184663311,0.562760408734903,1,7,2,2,-0.517034774576314
1804.17752200738,0.438844113377854,1,12,2,1,-0.0731396031193435
1956.39891107567,0.588956023799255,0,37,0,4,-0.289769866657443
1584.17946232948,0.784011034527794,1,10,2,4,0.451164181600325
1365.29188910499,0.665297503583133,0,5,0,1,-0.185988234803081
328.731161192991,0.159024014370516,1,18,0,1,-0.260739427283406
888.098107115366,0.253607145743445,0,26,0,2,-0.416488241641782
553.393594478257,0.590736500453204,1,13,3,1,-0.70830327025149
546.789111872204,0.248093011090532,0,17,2,5,0.396729525513947
1675.72401985526,0.477737903827801,1,48,3,6,0.0457223970489578
1957.61392952409,0.50033508031629,1,23,2,5,-0.933135468028486
1609.38674565405,0.341330409049988,1,3,3,1,0.784482894935645
1179.17343568988,0.338880006922409,1,27,1,6,0.0265778456395491
690.620477916673,0.277181014884263,0,15,3,6,0.112549093435518
1146.589274914,0.205893421778455,1,49,1,2,0.329163524690084
584.334361646324,0.190127031411976,0,12,3,2,0.0202487963670865
1976.07484348118,0.478364088805392,0,17,0,3,-0.768781123207882
1916.62894084584,0.590460132574663,0,31,0,6,0.211902170092799
1437.41083925124,0.146388245979324,1,2,1,5,-0.954711247449741
1009.23636727966,0.741217528935522,1,16,3,6,0.90700269842986
476.875321939588,0.493956263875589,0,35,1,6,-0.268736419589259
1927.71958978847,0.0990408007055521,1,35,0,4,-0.732745849653147
1404.7246258473,0.116625344613567,1,36,2,4,-0.313273776462302
1584.74165047519,0.343521006172523,0,15,1,2,0.896980694225058
1408.28863906208,0.618130748625845,1,2,0,4,0.263716521249153
500.695604877546,0.164301181212068,0,37,2,3,-0.354776601875201
1428.86377342511,0.190998285310343,1,20,2,4,-0.25222148263827
684.105874737725,0.368818908464164,0,5,2,5,0.0403435641573742
1997.18008106574,0.298537828261033,0,25,0,3,-0.897743797106668
801.260699797422,0.487827759003267,0,48,2,3,-0.938778085950762
835.977625567466,0.10539787937887,0,30,1,2,-0.0860317242331803
1239.15362330154,0.829092865344137,1,42,1,4,0.847402786924504
1918.319480028,0.710326790111139,0,1,3,4,0.941569768446498
1275.7252244046,0.128242643084377,0,48,3,4,-0.484112668815069
1971.13577311393,0.376068298239261,0,16,0,2,0.408639496914111
1612.80853804201,0.720510328421369,1,43,2,5,-0.391265229270794
705.385102611035,0.501305202487856,0,39,3,3,-0.7455687195668
1745.39460779633,0.893586540129036,0,42,3,3,0.786209110803902
1755.95187738072,0.573164169909433,1,18,0,6,-0.335975873745047
1653.84967266582,0.673140674130991,0,32,2,3,0.788523003445007
871.836712257937,0.552266739076003,1,42,2,6,0.754625542717986
456.284062983468,0.565513278823346,1,19,0,4,0.348693771511316
958.098314306699,0.498615959426388,1,34,3,5,0.153192733833566
532.050522509962,0.697343947831541,1,5,3,2,0.676493069040589
334.846695931628,0.43487556418404,1,45,2,5,0.892983112935908
962.068327027373,0.941861204570159,0,43,0,2,-0.483810662347823
353.476980258711,0.682463473407552,1,47,0,3,0.517472545076162
1015.39577818476,0.281426683533937,1,20,3,5,-0.175053374036215
1469.66213709675,0.435078143374994,0,15,2,1,-0.316685760109685
1699.30626535788,0.0506352162919939,0,37,1,1,-0.176215232592076
591.707369638607,0.961208681343123,0,46,1,6,0.466341604306363
1698.04454226978,0.427175641525537,1,34,0,4,-0.592008973457851
345.329416682944,0.656750403577462,0,45,0,2,0.746764424624853
1368.47892454825,0.000978399068117142,1,25,3,2,0.192163694375195
1558.073748881,0.994427965953946,0,21,3,3,-0.110888493284583
1943.75837754924,0.435741822933778,0,31,0,6,0.794950008834712
1073.94444248639,0.351626089774072,1,5,3,5,-0.543343197098002
685.214240034111,0.901140182977542,0,5,1,6,0.549140862878412
1046.06813883875,0.248036644188687,1,42,0,2,-0.7485451284796
303.271435643546,0.322332510491833,1,21,2,4,-0.41186373825185
1603.47107227426,0.202535535208881,0,35,1,1,0.277269357028417
724.295648816042,0.40309619740583,1,12,2,2,0.940170569932088
1092.66960890964,0.28723142365925,1,49,0,3,-0.590242455638945
663.738251989707,0.308487273752689,0,33,3,6,-0.244234550837427
1703.94492463674,0.26982230390422,0,16,2,4,0.771655171103776
1206.16255542263,0.198876164853573,0,47,3,2,-0.242551258653402
449.069967214018,0.644145159516484,0,36,3,1,-0.151107307272032
1216.58748008776,0.136398016475141,0,32,3,6,0.577682996881195
1595.38832649123,0.469720172230154,1,33,3,4,0.369406838770956
477.770276833326,0.374558064155281,1,37,2,4,0.33148289591074
990.012983069755,0.562420441769063,0,30,2,3,-0.120091219344176
659.309675917029,0.429493696196005,1,22,2,4,0.21253239390906
1566.46274635568,0.115526895970106,0,46,1,4,0.716134882201441
1135.12676446699,0.28600126854144,0,19,0,6,0.0455534655740484
1630.28509146534,0.877348881447688,1,31,1,3,-0.554683058769442
1389.48356055189,0.231231170706451,1,38,0,4,0.499469129140489
740.057718800381,0.302786531858146,1,19,2,3,-0.670429734103382
1516.08088407665,0.612675296142697,0,29,2,4,-0.241943047349341
1800.55268949363,0.108635807177052,1,35,1,6,0.510564220380038
1598.90955756418,0.311118851182982,0,36,0,2,-0.955189493698999
1690.88894436136,0.460400888929144,1,43,0,3,-0.0232964152889327
1165.31169915106,0.130852881586179,0,29,0,1,0.229843888850883
1423.61429336015,0.155198537511751,0,36,2,5,-0.380619369568303
856.852544448338,0.086601396324113,1,7,3,3,0.617818295261823
1184.43278137129,0.201436059782282,1,8,1,4,0.252134162359871
1600.16945635434,0.10163183324039,0,15,2,4,0.298041986091994
1164.19896844309,0.310143033741042,0,30,1,4,0.170892584184185
939.190188492648,0.0694677932187915,1,37,3,4,-0.436352873593569
1142.12170699611,0.966034738579765,0,30,2,6,-0.0470647237217053
1868.8215560047,0.540855901548639,0,4,1,6,-0.462365031000227
1031.44207727164,0.490011024987325,0,49,0,2,-0.651436809436418
694.623384601437,0.819817973300815,0,45,1,4,-0.266059355302714
1320.87655018549,0.810961911920458,1,19,1,6,-0.0816893395688385
1514.31035443675,0.269068585475907,0,16,2,5,-0.366147910519503
689.261980354786,0.0773716373369098,1,9,0,6,-0.0288464874448254
1530.85842411965,0.100756672676653,1,39,1,1,-0.143949817847461
526.572064356878,0.927799925208092,1,35,2,1,-0.615531687643379
911.530688148923,0.993771830108017,1,9,2,1,-0.861875461181626
1857.76046512183,0.63580516865477,0,40,2,5,0.333851923327893
825.620944448747,0.770545253995806,0,14,0,1,-0.275891419588588
468.987971171737,0.229286313522607,1,5,0,6,0.741590214651078
1217.80810125638,0.635394557612017,1,12,2,5,-0.554721237793565
1080.4698738968,0.840307790786028,0,28,2,4,0.415430580745451
797.432977962308,0.178247038507834,1,24,2,3,0.562565712695941
1935.466365912,0.271185733610764,0,23,0,2,0.644086193167605
937.628167914227,0.507983930874616,1,23,2,4,0.0114740089606493
1307.73523480166,0.335586345056072,1,28,2,1,-0.369461472895928
1643.28126572073,0.418454348109663,1,2,3,5,-0.780686633004807
1194.73382080905,0.869863730622455,0,8,1,6,-0.544439358338714
806.409916304983,0.556979693239555,1,37,3,4,0.107785740047693
1966.92516522016,0.845236071618274,0,5,3,1,0.140846646018326
498.743077670224,0.501560455653816,0,5,2,6,-0.175436362889595
1011.12582974602,0.859134691767395,0,44,1,2,-0.302895451602526
609.080755827017,0.901534152682871,0,41,3,1,-0.855854124231264
942.653930233791,0.89673084532842,0,46,1,5,-0.0874799994612112
1720.7683972083,0.259983770782128,0,31,3,1,0.409732496123761
943.471757578664,0.629208981757984,0,37,2,6,0.464832763667218
1248.50808088668,0.933227722067386,1,42,3,5,0.673074032943696
550.736095849425,0.534498615656048,1,24,0,3,0.475347296507098
833.143610972911,0.487091493327171,0,26,1,6,-0.702000627326779
309.793649497442,0.174615568481386,1,27,3,5,0.565636941972189
1775.81984989811,0.631617857376114,1,39,1,4,0.659024983257987
1746.56906421296,0.283559802686796,1,8,1,1,-0.300613384419121
1183.61252571922,0.557610809570178,0,8,3,6,0.546208332851529
1627.13549232576,0.381847628159449,0,6,0,2,0.27380926293321
1834.49499595445,0.110163054428995,0,22,0,3,0.893660239828751
1496.70712016523,0.100856866920367,1,6,3,1,-0.171857230011374
940.43520395644,0.551867563975975,1,24,1,6,-0.732247653426602
1582.9995092703,0.966296137776226,0,38,1,2,0.458618762260303
919.178164121695,0.421553795225918,1,13,1,1,0.0603984402911737
1144.70619412605,0.661671717651188,1,22,3,1,0.506261987378821
834.962164098397,0.454494944540784,0,14,2,2,0.5822906726785
1123.713058047,0.340694578131661,0,46,3,1,-0.273410950745456
1510.94585862011,0.49309620866552,1,2,2,4,0.891064632763155
601.823379192501,0.0443992631044239,1,49,0,6,-0.903761050016619
540.889442758635,0.996901146369055,1,23,1,4,0.123883517095819
1372.12820043787,0.878715490689501,1,17,1,2,0.716461787531152
456.379504362121,0.385334742255509,0,26,0,6,0.0163876337371767
882.407764019445,0.653678766218945,1,16,1,4,-0.718220954630524
1641.85632516164,0.26017444441095,0,38,2,4,-0.339830331061967
1034.20670798514,0.602097470778972,0,1,2,1,-0.00822134576272215
1791.11469932832,0.69568308792077,1,48,1,5,-0.160533572193235
924.027925427072,0.06605273950845,0,24,2,4,-0.374601852041669
647.342678415589,0.345817223424092,1,49,3,5,-0.709578660428524
1831.2548836926,0.987684873165563,1,43,2,3,-0.792542423908599
1580.73842199519,0.806976368650794,0,12,1,3,-0.429788237563334
1951.45492432639,0.764662132132798,0,25,3,6,-0.849608334247023
692.001280677505,0.132909333100542,0,12,0,3,0.23014997843653
1622.28138579521,0.113632128341123,0,35,1,3,-0.2638143496681
1624.86773799174,0.925879664951935,1,41,2,2,-0.796232811044902
439.731477876194,0.242025342769921,1,22,3,2,0.420812144628726
1924.03192012571,0.481821550289169,0,12,2,1,-0.728960816413164
1162.31410847977,0.675216658273712,0,21,3,5,-0.0053135979641229
809.749624389224,0.865294056013227,0,4,3,2,-0.214170845090412
1443.85894124862,0.818293220130727,1,14,1,6,-0.191083184704185
1377.85015902482,0.900931482668966,0,32,1,1,-0.409936592113227
1111.96802048944,0.0724563931580633,1,37,3,3,-0.898302515870891
1955.5668214336,0.244173708371818,0,11,0,2,-0.28092376367189
964.106248319149,0.347643020097166,1,15,1,1,0.850369422538206
1715.8841697732,0.419624355854467,1,6,3,4,0.0238905876176432
858.109153644182,0.872902484610677,0,13,1,3,-0.678011883515865
1671.84614348225,0.60272577079013,1,18,0,4,-0.211095936996862
1353.95455027465,0.000714606139808893,0,43,1,2,0.321336949677206
1752.20900340937,0.519968665670604,0,21,1,1,0.732207870567217
1963.70874745771,0.608365356456488,0,28,0,5,-0.525908866999671
1557.15857550967,0.589742123847827,1,16,3,2,-0.518326453431509
1340.24602270219,0.0168062783777714,1,47,0,3,0.205106572103687
1155.31438454054,0.0024381885305047,1,8,1,4,0.254450766169466
990.193950338289,0.713041310664266,1,7,2,2,-0.010139461280778
933.897704235278,0.0342278170865029,1,19,0,6,0.622390842041932
468.020961456932,0.926252723205835,1,15,1,5,0.554446844123304
1442.6835000515,0.693310174392536,1,33,1,3,0.504831039472483
499.339699489065,0.153317178133875,0,22,3,3,-0.0964387102145702
1629.86344392411,0.608204006915912,1,38,0,5,0.383852434074506
819.118170114234,0.93795678508468,0,7,1,3,0.1393476003455
993.010246404447,0.156997711863369,0,20,1,4,-0.182954517016187
1963.60678111669,0.334443601546809,1,11,1,3,0.0205745851434767
1477.59061828256,0.910026057390496,0,7,0,5,0.66833761329297
665.089459880255,0.439675591886044,0,11,2,4,0.76486572291702
1499.20859441627,0.860171356936917,0,21,1,2,-0.600378591693006
1039.57414124161,0.241088379872963,0,16,3,3,0.965601985920221
519.372158846818,0.61029282445088,0,31,2,5,-0.262052700980566
1113.14235618338,0.355639224406332,1,36,1,4,0.523884629127569
1852.42943747435,0.701634065713733,1,36,3,5,-0.802002069717273
608.208903693594,0.159141613868997,1,25,0,5,0.392879490614869
1391.68714820407,0.303809784818441,1,28,3,3,-0.142265680180862
345.416339393705,0.403789659496397,1,1,2,2,-0.333013144684955
1859.98123062309,0.640505925752223,0,44,1,1,-0.134583530095406
854.690078506246,0.172514252597466,0,2,0,2,0.0169120952440425
1505.28578327503,0.974023891147226,1,29,3,4,0.684876250955276
1411.75577845424,0.227424985729158,1,8,3,1,0.282307198592462
815.243379096501,0.339510957710445,0,49,3,1,-0.822670496050268
757.532605458982,0.412008546292782,1,13,2,5,0.91843972790055
310.691639478318,0.810286129591987,1,39,3,2,-0.639440887863748
1005.95852343831,0.258735213428736,0,3,3,1,0.565816388963722
705.940138432197,0.134113950887695,0,43,0,5,-0.636379700191319
1240.62049658969,0.487874022684991,0,39,1,1,-0.780244205435738
1957.39300067071,0.47975209960714,1,18,3,4,-0.282597729270346
1154.20877805445,0.836183078354225,0,28,1,4,-0.271764553226531
667.591962846927,0.734896863577887,0,43,1,5,-0.873967987205833
1635.23172975983,0.468182756332681,1,45,3,1,-0.185602718261071
849.995652469806,0.981511149322614,1,17,3,6,-0.495827763397247
760.810923879035,0.190124001353979,1,48,2,3,0.721425293013453
774.707599543035,0.484186429763213,0,49,1,3,0.190035470444709
1932.75915170088,0.169365654466674,1,28,2,3,0.633094172431156
796.093395864591,0.441851336508989,1,5,0,4,0.381249739523046
1199.14844490122,0.326617765240371,0,33,0,5,-0.834773540357128
904.65536636766,0.73428797069937,1,31,2,3,-0.304286357103847
865.074047702365,0.414574740687385,1,31,0,3,0.290819400502369
353.64322133828,0.728078664280474,0,8,2,2,-0.250235268431716
734.09727551043,0.386046210303903,1,22,2,2,0.225550355468877
802.23979325965,0.508664670865983,0,29,3,5,-0.840871381033212
1482.10738841444,0.384362341603264,1,36,0,5,0.0719140853499993
547.54788049031,0.633163059130311,0,12,1,3,0.422480757962912
1413.58682538848,0.315045053837821,1,2,2,4,0.0206813934724779
1550.35779702011,0.557618657592684,1,28,1,5,0.311619943398982
1008.58829978388,0.664429075550288,1,6,1,1,0.144718033731915
1753.63456855994,0.318378509255126,1,6,0,6,0.0620896036690102
1835.10701367632,0.271992136491463,0,33,3,2,0.901844403259456
1514.41380823962,0.77586632873863,0,29,2,5,0.649567144587636
1894.10508263391,0.243846834171563,1,35,3,5,0.672743065240793
1588.06996312924,0.966077477671206,1,8,2,2,-0.342122097322717
1043.25758323539,0.273602338973433,0,39,1,4,-0.496821677489206
1540.79223265871,0.966356951976195,1,26,1,1,0.800519080376253
776.839419733733,0.0910502804908901,1,10,0,4,-0.0198629174754024
1748.30875375774,0.956496065948159,1,47,0,1,0.554335743379779
1149.92621825077,0.162286261562258,0,38,3,6,-0.78407417695038
1794.18428821955,0.119065648876131,0,4,0,2,-0.591337641393766
727.502830699086,0.32196711958386,0,43,1,5,-0.459055711249821
1898.55138633866,0.674761209869757,0,47,2,6,-0.253790395413525
1348.41041383334,0.269423232413828,1,44,3,3,-0.0511959829973057
1842.18418656383,0.258835794404149,0,25,3,1,0.249373041247018
700.806579459459,0.459562038304284,0,48,1,3,0.577958196848631
1922.2801662283,0.122480335179716,1,46,0,3,0.631382168415002
1957.28065019939,0.917574000544846,1,27,3,1,-0.333450945611112
707.935427990742,0.681888723745942,0,7,3,4,0.0271357797738165
555.510039743967,0.219426769996062,1,40,3,2,-0.273774044942111
803.262486215681,0.460614492418244,1,33,2,2,0.642268672096543
1112.24155435339,0.915283198468387,1,18,2,3,0.591741717061959
1298.8326275954,0.334861567011103,0,9,2,2,-0.464485144475475
1120.03504303284,0.366455904673785,0,16,3,3,-0.16910255189985
1885.99459279794,0.871553022880107,1,47,3,3,-0.425654745181091
568.209739262238,0.903718362329528,1,22,2,3,-0.97048927672673
990.777695598081,0.750999714247882,1,13,2,5,0.872495286106132
780.031000287272,0.501096995314583,1,30,3,1,0.344605243680999
1160.54285212886,0.627271485282108,1,38,0,3,-0.000315948170609759
1843.65718148183,0.401460083434358,0,11,2,3,0.98290977622848
1920.5707812449,0.764051660196856,1,23,3,3,0.627173885400407
1801.85331695247,0.224367789458483,0,6,3,6,-0.150138456160203
907.717092451639,0.0644721868447959,1,27,3,1,0.853769885217771
663.144090934657,0.102325748186558,1,17,1,2,0.966834082687274
1555.97398353275,0.505627373000607,0,19,0,6,0.635658454690128
1093.21308503859,0.278192442143336,1,48,3,5,-0.000650969026610215
435.285309143364,0.496741628041491,1,14,0,2,0.421863477774896
718.372611748055,0.60265294695273,1,49,3,6,0.757141667967662
1205.99902011454,0.289390366058797,1,19,3,5,0.266886033494957
663.638536236249,0.41668982966803,0,6,0,2,-0.754602416879497
481.799423485063,0.660089557757601,0,47,0,6,0.66964495385997
673.816822073422,0.336223647929728,0,11,1,3,-0.804899981520139
1787.7396594733,0.325216714758426,0,16,2,1,-0.76738250832539
1489.31166566908,0.878061541588977,1,20,2,5,-0.211982245682739
999.474561261013,0.279597996966913,0,5,2,2,0.105701532382518
616.052100830711,0.319544055964798,0,38,2,1,0.953116482915357
991.627052938566,0.922284091589972,0,49,1,2,-0.415251305247657
1569.66032583732,0.820726274978369,0,25,3,4,0.0848545594001189
907.462996919639,0.632890608394518,1,49,2,4,0.228108197492547
1220.3554620035,0.650466910097748,0,44,1,6,0.929441420054063
1075.30054459348,0.0108723724260926,0,19,1,6,-0.425338825592771
1111.93032532465,0.633836376480758,0,49,0,3,0.582728450554423
603.281431016512,0.595663459738716,1,33,3,3,0.446361573203467
1547.84148614854,0.0904858913272619,0,5,2,2,0.673557431381196
1426.09171411023,0.382599050877616,1,49,3,3,-0.476447831760161
1468.68064263836,0.837566037196666,1,43,3,4,-0.038274548901245
855.338806612417,0.241586375748739,1,39,3,2,0.765370340477675
1260.31500604004,0.868382233195007,0,29,2,5,0.224435156118125
1788.24485107325,0.556104001589119,1,46,3,4,-0.066004758705385
1512.85640639253,0.920604739803821,1,34,1,5,0.728402216127142
944.934037071653,0.880713786231354,1,9,1,4,0.902928106770851
1626.68099910952,0.097768280422315,1,13,0,2,-0.459635782828555
322.400147141889,0.798161376966164,0,32,0,4,0.79967933177948
1457.85358871799,0.370701920939609,1,6,3,1,-0.292507094359025
963.063259702176,0.291316247312352,1,9,3,3,-0.567520247488283
754.844363313168,0.841515857027844,1,42,3,4,-0.545358623787761
1481.60734632984,0.139536208938807,1,40,3,4,-0.436880771429278
1539.43675514311,0.407877629855648,1,32,0,5,-0.873272152282298
833.997589815408,0.679754713783041,0,43,2,3,0.428215958992951
1279.82593586203,0.438219432486221,1,42,1,3,-0.344301257659681
721.813686517999,0.743823659373447,0,19,2,6,0.470058965748176
538.311881152913,0.182052357355133,1,11,2,4,0.940090968715958
420.838621305302,0.0260915537364781,0,49,0,4,-0.749360636528581
1383.15394688398,0.456990230362862,0,32,1,2,0.499319100240246
345.711777103133,0.902877507265657,1,25,0,4,-0.653405310921371
711.329873325303,0.536933696363121,0,29,2,2,-0.0607339249178768
891.737842746079,0.907224963186309,0,7,1,2,-0.756532328124158
1017.72973684128,0.97402258682996,1,9,2,5,0.0919263097923249
727.75123801548,0.697940281126648,1,18,1,1,-0.656384151172824
389.317545713857,0.00886659673415124,0,32,1,1,-0.725751884118654
1533.60975396354,0.128561957739294,1,23,2,2,0.621605797642842
1154.97023304924,0.376797958509997,0,24,2,6,0.20596365171019
1376.95775039028,0.25187604338862,0,45,0,1,-0.457928848480806
601.901825983077,0.392444332595915,1,37,2,6,0.394840668118559
1274.73723466974,0.700272141955793,0,13,1,1,-0.227650585812517
1023.57789853122,0.239367431262508,1,28,2,1,-0.878750921767205
1153.39990279172,0.679214260308072,0,22,3,3,-0.480211829356849
652.160565764643,0.179171689320356,0,3,0,6,0.307600545063615
1542.39831978921,0.423368719639257,0,27,1,3,0.546902156872675
1396.2178746704,0.387963031418622,1,40,3,3,0.505840421654284
1397.23743279465,0.753546976717189,0,18,1,2,0.641603820375167
1689.73836926743,0.241883315611631,1,4,0,4,0.627023668410257
1794.22899321653,0.19153047981672,0,4,1,3,0.346835262514651
892.566890572198,0.921514707850292,0,32,1,3,0.0394801079342142
477.313709165901,0.746557126753032,1,27,3,3,-0.764155701035634
468.347967555746,0.265761705581099,1,23,2,4,-0.121002644025721
650.983151048422,0.854886655928567,0,46,3,2,-0.364474795474671
603.919040760957,0.111562733771279,0,24,0,2,-0.634519115751609
564.022945798934,0.878026092424989,1,33,3,4,0.782635286394507
1201.30533345509,0.176265820628032,0,41,3,4,-4.09132428467185e-05
720.81405594945,0.441877521341667,0,30,3,1,-0.724117408641614
1792.47863970231,0.405104203382507,1,22,1,4,-0.279163550552912
824.957646499388,0.340300853131339,1,37,1,6,-0.0740329808508977
1184.29437894374,0.522828484885395,1,38,1,3,0.481871301429346
1037.23026234657,0.408511194167659,0,44,0,6,0.450540108969435
1350.0380477868,0.521371888462454,1,9,3,1,-0.553631934919395
1970.96785339527,0.653062168974429,0,6,0,6,-0.170194265367463
391.119739133865,0.871648167725652,0,43,3,4,0.772936569093727
1477.42766640149,0.637621393892914,1,15,3,4,0.175715336641297
1238.25146304443,0.391954567981884,1,40,2,3,-0.60290277023334
1204.13187313825,0.900331781012937,0,28,0,5,0.494395116227679
1693.6163588427,0.154708130983636,0,21,3,5,0.741869277837686
376.591690140776,0.398407644592226,0,18,0,6,-0.687631432022899
1932.97009659,0.197602483211085,1,46,1,5,0.239233173821122
1163.67066181265,0.650011524092406,0,31,3,5,-0.335559976533987
927.762422035448,0.566117049893364,1,13,0,2,-0.0128066655993462
1097.57870878093,0.444880147464573,1,10,3,3,0.797510644085705
895.536320796236,0.880578183103353,1,6,1,5,-0.480669057941996
1255.87059550453,0.61815364449285,0,34,2,1,0.67468558404129
1716.33176160976,0.83270393544808,1,7,1,4,-0.35654682432767
1343.7140210066,0.999594962457195,1,47,2,2,0.584587002424523
1848.46196111757,0.173353926977143,0,40,3,3,-0.639190870737657
1408.11908582691,0.034504916286096,0,35,1,3,-0.727674032505602
1193.18769248202,0.538943223655224,1,34,0,3,0.192763763414696
832.502175308764,0.474125929176807,1,35,3,2,0.404736483818851
1991.79428252392,0.685762110864744,0,39,3,2,-0.459894036264159
1708.96546144504,0.653099335962906,0,48,2,6,0.037277503204532
953.749075997621,0.640586152905598,0,25,1,2,-0.739919724566862
1331.15355749615,0.588587469886988,0,27,3,4,0.648702658480033
1593.80269255489,0.511666614096612,0,27,3,5,0.0469986534537747
902.73404577747,0.274279517121613,1,35,0,4,-0.321062335646711
1773.85881312657,0.456315162358806,0,21,2,5,-0.791280709896237
1080.5438543437,0.00168037414550781,0,10,3,3,0.173685969170183
760.095641552471,0.370176576543599,1,10,3,5,0.473787704785354
763.265132228844,0.230147389229387,1,45,0,2,0.0179470120137557
821.850279322825,0.590184148168191,0,37,3,1,-0.165111325099133
1753.65289545152,0.723868372617289,0,8,2,1,-0.086019381294027
1779.84128415119,0.0381613296922296,1,40,3,1,-0.653155831787735
407.104515167885,0.44036003225483,0,21,2,4,-0.812973418543115
1162.89684481453,0.968956908676773,0,38,2,4,0.807875136500224
1755.7381012477,0.0449502947740257,0,5,0,3,-0.952619487144984
1420.5213428475,0.623528235591948,1,2,0,2,0.13993491338566
630.038915574551,0.22048618667759,0,22,0,2,0.220412362944335
512.274136557244,0.509987991070375,0,22,2,2,0.648054238809273
1521.65993074887,0.89586044754833,1,14,1,3,-0.165687680519186
1614.69046503771,0.173558294540271,0,4,2,2,-0.106002405239269
1095.03385273274,0.999566967366263,1,42,0,1,-0.132760824565776
1258.72079960536,0.559136040043086,1,29,3,5,0.74104089116212
914.401622512378,0.851423457497731,0,23,0,1,-0.738740562200546
904.018376069143,0.0317824010271579,1,19,1,6,-0.511603406053036
625.435427366756,0.199131902540103,0,33,1,6,-0.781199838160537
1231.55491375364,0.490088020917028,1,45,3,3,0.730886225947179
1931.46950802766,0.464747501071543,0,23,0,5,0.109962203046307
1539.83458152507,0.207635779632255,1,19,3,3,-0.363894881098531
536.950654466636,0.662951004225761,1,23,3,5,0.67610515112523
1421.6149455402,0.114800622686744,1,1,2,5,-0.974218831742182
1830.77108177822,0.881919908570126,0,36,1,5,0.588503196565434
1802.58116750047,0.973641346208751,1,19,0,4,-0.704037970178761
1429.68605603091,0.0728571789804846,1,43,0,5,0.618552103601396
1566.17608934175,0.430694108828902,0,4,3,4,0.606559570874087
797.589377965778,0.100492818281054,0,8,1,5,-0.783084812513553
1935.98814243451,0.858636997872964,1,11,3,2,0.776189312506467
496.837328723632,0.626377449603751,0,39,0,6,-0.835458141057752
1563.06990208104,0.574099704856053,0,23,2,2,-0.497806467376649
1048.02548862062,0.507919231662527,0,26,3,3,-0.368993323110044
300.989400804974,0.197931242873892,0,16,2,5,0.901197172519751
569.125741068274,0.605811057146639,1,30,0,6,0.851342438827269
1847.41076058708,0.370891875121742,0,13,3,1,0.765832268083468
1669.58403065801,0.958832980599254,1,16,3,3,-0.180672950022854
1846.69965961948,0.25207837484777,1,19,3,6,-0.878193887514062
1302.51084605698,0.188271026359871,0,12,2,4,-0.144884845046326
1975.48442957923,0.326535992324352,1,11,1,6,0.403766252920032
443.625322496518,0.455653152428567,1,23,1,5,0.519624015167355
1530.95647944137,0.0774240102618933,0,39,2,6,0.237124626031145
1546.80796931498,0.705810856074095,0,40,3,5,0.461817797245458
1504.68266617972,0.654123235028237,0,8,1,5,-0.810766552747227
383.765434054658,0.434980838792399,0,45,0,3,-0.58441433865577
1332.8065744834,0.293523527914658,0,3,2,3,-0.718653994300403
410.724879754707,0.396815094863996,0,29,2,4,0.898710804660805
336.909430287778,0.642117677722126,1,22,1,3,0.306087899291888
1534.9748976063,0.275073319906369,0,31,1,6,0.167887402125634
320.033189235255,0.419200832024217,0,36,1,5,-0.589014771608636
1560.42639224324,0.677796085365117,0,47,3,3,0.298004387472756
709.841334074736,0.160685346694663,1,14,1,6,0.666471134908497
1180.01543290447,0.946174800395966,0,20,1,5,0.0375725296000018
1343.97887194064,0.134341317228973,1,31,1,4,0.622506324173883
362.026740773581,0.860887333052233,1,3,1,2,-0.678602873990312
688.984637591057,0.689554309472442,1,8,2,4,0.149300670982339
941.220585792325,0.380820869002491,1,49,2,2,-0.90085539010819
768.890762026422,0.239545600488782,1,5,3,5,0.277800070219673
978.769278340042,0.727065813727677,1,19,1,3,-0.914268973893486
1569.99062548857,0.647002632496879,0,1,2,6,0.154024268710054
1380.91571023688,0.970211939420551,0,48,3,1,0.546019441257231
1768.16326074768,0.776797683676705,0,16,2,2,-0.350527017451823
324.785805190913,0.508320472203195,0,22,0,3,-0.237339726663195
707.861236575991,0.946606129640713,0,3,2,5,0.529679591115564
438.882994488813,0.187856675125659,0,28,3,5,0.882541418373585
740.921912365593,0.151303216349334,1,18,0,4,-0.38220637078397
532.310555223376,0.788721391931176,1,10,1,1,0.726719590555877
1960.55179373361,0.430734444642439,0,41,0,6,-0.271217905408703
1159.38380982261,0.352714384905994,0,41,0,4,0.661930234716274
1472.06801204011,0.596952196676284,0,19,0,3,0.903834057482891
1338.84628270753,0.703328791772947,1,29,3,4,-0.911320825489238
1879.13471085485,0.362330122152343,1,46,0,5,-0.104826666293666
1522.3804025678,0.496289209229872,1,16,1,1,0.412013726122677
1235.22915272042,0.0936261245515198,1,24,0,6,-0.212653409941122
1447.55445511546,0.496965436032042,1,16,1,1,-0.926512876795605
1325.26712790132,0.0612498226109892,0,24,2,3,-0.0244816887332127
715.764151071198,0.503577588591725,1,33,0,4,0.374056607061066
1333.96450297441,0.0615598435979337,1,37,2,4,0.198765409472399
1454.4543053722,0.975906820036471,0,44,1,1,0.123728758748621
1711.63713093847,0.528678248636425,1,17,1,6,0.894881079783663
906.697547785006,0.0299344719387591,1,48,2,4,0.0131942783296108
1476.79791867267,0.306678759632632,1,17,1,2,0.0891288108006121
935.647283145227,0.776672070845962,1,15,3,4,-0.719883669409901
484.250921313651,0.765809848671779,1,20,1,5,-0.533486283277161
1081.77754364442,0.877318705897778,0,22,2,3,-0.342816060567275
729.55038130749,0.942899079062045,0,38,1,4,0.558819156289101
1428.20768004749,0.00235101021826267,0,38,0,5,0.626750313383527
709.342650813051,0.44325446523726,1,37,0,1,-0.616396858342923
1395.9731685929,0.602484598988667,0,36,1,3,0.62303617159836
1164.4809350837,0.288181748939678,0,21,2,3,0.722003900902346
521.256362949498,0.95414758217521,1,5,0,6,0.48226411152631
1152.83825492952,0.608737918315455,0,15,1,5,0.180451949913986
526.92994538229,0.386865763692185,0,6,2,4,-0.275579018848948
1009.40972347744,0.33334771450609,0,15,0,2,-0.726693524890579
1543.59667454846,0.504854772239923,1,27,0,2,-0.223326513636857
773.403726820834,0.835537804523483,1,2,3,3,-0.143917116019875
1392.70193441771,0.923152094939724,0,18,1,5,0.773980341763236
539.544688188471,0.310041789896786,0,35,1,5,0.736116425399669
1080.49350902438,0.804130094591528,1,47,3,3,-0.427013938170858
1642.97556895763,0.794219340896234,1,29,0,3,-0.270300401458517
1242.96562308446,0.921043614158407,0,33,3,2,-0.211633987077512
1154.77288193069,0.0559885196853429,0,10,2,4,-0.711127136866562
1469.32415671181,0.979484490584582,1,6,1,6,0.833691348941065
1869.03186719865,0.315547986887395,1,23,3,1,0.738516937131062
329.753083107062,0.511309243738651,0,1,2,5,-0.371616095337085
594.385458808392,0.73004770022817,0,38,0,5,0.193326355540194
514.894112595357,0.852189457975328,1,33,0,2,-0.274763085753657
482.110707135871,0.4428878093604,0,9,1,1,-0.273597198477946
1421.96102621965,0.0821341897826642,0,44,2,6,-0.950547546353191
932.8293353552,0.817677466897294,1,22,0,4,-0.816498702387325
680.099593754858,0.729709374951199,0,12,1,5,-0.356199526917189
1633.40140914079,0.925339257810265,1,8,1,1,0.738033616603352
934.990242193453,0.0842085869517177,0,46,2,3,0.954419790613465
775.027515855618,0.591414757305756,0,38,0,5,-0.592540174392052
1316.12589429133,0.271286810282618,1,29,0,2,-0.133972586416639
1425.68214002531,0.942897277185693,0,26,1,3,0.545801215013489
729.617209429853,0.601284866919741,0,3,1,1,-0.475693916240707
1335.50942209549,0.504391631809995,1,27,1,3,-0.823572353501804
1543.32063519396,0.29159498680383,0,10,3,4,-0.743112671063282
1283.20015836507,0.0584753730800003,0,29,2,5,0.828608897798695
1261.3570158137,0.739769470645115,0,31,2,2,-0.388201947715133
1744.90422075614,0.862269768724218,0,38,0,3,0.0602211176091805
692.053595161997,0.675237662857398,1,23,0,5,0.122642694893293
709.239557594992,0.379039222374558,1,1,1,3,0.94123881411273
929.530834476463,0.348532863426954,1,32,1,3,0.96232834239956
1581.86562478077,0.886472216341645,0,11,0,6,-0.604529928183183
1951.29155407194,0.233428734354675,0,24,1,3,0.647957504815422
1748.89340186492,0.939544438617304,0,29,2,1,-0.351863954518922
700.455956440419,0.0507726110517979,1,14,3,2,-0.5391317575844
1915.77573264949,0.945122330449522,1,35,3,2,-0.67325112696737
1298.07311920449,0.554668005090207,1,30,3,5,-0.628005535528064
1586.16251694039,0.439881088212132,1,12,3,3,0.6609613199858
332.70000310149,0.246001631952822,0,19,1,6,0.187820544904098
1129.93907700293,0.293841886799783,0,32,1,5,0.4893953296775
1964.73285504617,0.340150247560814,0,40,1,2,-0.129083537338302
1487.28367807344,0.872107909759507,1,32,2,2,-0.187642907355912
300.252649234608,0.427782790968195,0,34,1,2,0.433479588199407
1357.98441453371,0.591485491022468,0,40,0,3,-0.773006741842255
1176.9170981599,0.0117574115283787,1,26,3,1,0.277331237685867
929.5632554451,0.766964679351076,0,29,3,3,-0.857247890727594
855.70239960216,0.729167649289593,0,9,0,3,-0.13172115299385
1322.76292887982,0.396875641774386,0,48,0,3,-0.0383065029792488
847.854472510517,0.104465147480369,0,38,2,5,-0.351922598923556
349.589268746786,0.0506081180647016,0,1,2,5,-0.124239934561774
1507.54992780276,0.404071764321998,1,24,1,4,-0.979221228039823
1740.69627351128,0.51129991421476,0,42,1,3,0.645233846786432
1262.62522032484,0.824922289932147,1,5,3,4,0.109033504519612
1780.65881107468,0.815665572648868,1,48,0,3,0.139431757209822
1814.48695503641,0.823110346216708,0,43,2,5,0.617352295140736
1111.51902985293,0.634587593143806,1,13,2,1,-0.687343702409416
1640.61522823758,0.566773112863302,1,37,0,3,0.773996274545789
1918.15825467929,0.252707430627197,0,30,0,4,0.369635050375946
640.278027043678,0.917602999135852,0,5,2,1,-0.0855636523570865
1437.66813175753,0.93143435427919,1,26,3,6,0.649415075741708
1334.47177931666,0.711567242164165,0,3,0,3,0.567218608441763
476.776577509008,0.489639868494123,0,49,1,5,0.61667284432333
1660.92077537905,0.995160155231133,1,37,2,3,-0.723408752256073
794.275861163624,0.743529777275398,1,10,2,4,-0.790248909518123
1513.61295687966,0.536296002333984,0,8,2,5,0.134275834830478
1102.06159621011,0.759550373302773,0,17,2,1,-0.592216573543847
1008.64700980019,0.438048164127395,1,19,2,4,0.124660870553926
